tipo,anio,mes,archivo,bytes_local,bytes_servidor,tamanio_ok,parquet_legible,registros,columnas
yellow,2024,1,data/raw/yellow/2024/yellow_tripdata_2024-01.parquet,49961641,49961641,True,True,2964624,19
yellow,2024,2,data/raw/yellow/2024/yellow_tripdata_2024-02.parquet,50349284,50349284,True,True,3007526,19
yellow,2024,3,data/raw/yellow/2024/yellow_tripdata_2024-03.parquet,60078280,60078280,True,True,3582628,19
yellow,2024,4,data/raw/yellow/2024/yellow_tripdata_2024-04.parquet,59133625,59133625,True,True,3514289,19
yellow,2024,5,data/raw/yellow/2024/yellow_tripdata_2024-05.parquet,62553128,62553128,True,True,3723833,19
yellow,2024,6,data/raw/yellow/2024/yellow_tripdata_2024-06.parquet,59859922,59859922,True,True,3539193,19
yellow,2024,7,data/raw/yellow/2024/yellow_tripdata_2024-07.parquet,52299432,52299432,True,True,3076903,19
yellow,2024,8,data/raw/yellow/2024/yellow_tripdata_2024-08.parquet,51067350,51067350,True,True,2979183,19
yellow,2024,9,data/raw/yellow/2024/yellow_tripdata_2024-09.parquet,61170186,61170186,True,True,3633030,19
yellow,2024,10,data/raw/yellow/2024/yellow_tripdata_2024-10.parquet,64346071,64346071,True,True,3833771,19
yellow,2024,11,data/raw/yellow/2024/yellow_tripdata_2024-11.parquet,60658709,60658709,True,True,3646369,19
yellow,2024,12,data/raw/yellow/2024/yellow_tripdata_2024-12.parquet,61524085,61524085,True,True,3668371,19
yellow,2026,1,data/raw/yellow/2026/yellow_tripdata_2026-01.parquet,64165080,64165080,True,True,3724889,20
yellow,2026,2,data/raw/yellow/2026/yellow_tripdata_2026-02.parquet,58683353,58683353,True,True,3399866,20
yellow,2026,3,data/raw/yellow/2026/yellow_tripdata_2026-03.parquet,67891249,67891249,True,True,3952451,20
yellow,2026,4,data/raw/yellow/2026/yellow_tripdata_2026-04.parquet,64818115,64818115,True,True,3831240,20
yellow,2026,5,data/raw/yellow/2026/yellow_tripdata_2026-05.parquet,69699174,69699174,True,True,4090836,20
yellow,2026,6,data/raw/yellow/2026/yellow_tripdata_2026-06.parquet,65465637,65465637,True,True,3837248,21
yellow,2026,7,data/raw/yellow/2026/yellow_tripdata_2026-07.parquet,61685033,61685033,True,True,3530109,21
yellow,2026,8,data/raw/yellow/2026/yellow_tripdata_2026-08.parquet,59043961,59043961,True,True,3336716,21
green,2024,1,data/raw/green/2024/green_tripdata_2024-01.parquet,1362284,1362284,True,True,56551,20
green,2024,2,data/raw/green/2024/green_tripdata_2024-02.parquet,1283805,1283805,True,True,53577,20
green,2024,3,data/raw/green/2024/green_tripdata_2024-03.parquet,1372372,1372372,True,True,57457,20
green,2024,4,data/raw/green/2024/green_tripdata_2024-04.parquet,1346502,1346502,True,True,56471,20
green,2024,5,data/raw/green/2024/green_tripdata_2024-05.parquet,1453912,1453912,True,True,61003,20
green,2024,6,data/raw/green/2024/green_tripdata_2024-06.parquet,1326194,1326194,True,True,54748,20
green,2024,7,data/raw/green/2024/green_tripdata_2024-07.parquet,1250973,1250973,True,True,51837,20
green,2024,8,data/raw/green/2024/green_tripdata_2024-08.parquet,1267079,1267079,True,True,51771,20
green,2024,9,data/raw/green/2024/green_tripdata_2024-09.parquet,1326186,1326186,True,True,54440,20
green,2024,10,data/raw/green/2024/green_tripdata_2024-10.parquet,1353731,1353731,True,True,56147,20
green,2024,11,data/raw/green/2024/green_tripdata_2024-11.parquet,1264688,1264688,True,True,52222,20
green,2024,12,data/raw/green/2024/green_tripdata_2024-12.parquet,1312306,1312306,True,True,53994,20
green,2026,1,data/raw/green/2026/green_tripdata_2026-01.parquet,991656,991656,True,True,40272,21
green,2026,2,data/raw/green/2026/green_tripdata_2026-02.parquet,920753,920753,True,True,37373,21
green,2026,3,data/raw/green/2026/green_tripdata_2026-03.parquet,1082530,1082530,True,True,44208,21
green,2026,4,data/raw/green/2026/green_tripdata_2026-04.parquet,1075896,1075896,True,True,44238,21
green,2026,5,data/raw/green/2026/green_tripdata_2026-05.parquet,1102947,1102947,True,True,44921,21
green,2026,6,data/raw/green/2026/green_tripdata_2026-06.parquet,1075836,1075836,True,True,44163,22
green,2026,7,data/raw/green/2026/green_tripdata_2026-07.parquet,1018250,1018250,True,True,41252,22
green,2026,8,data/raw/green/2026/green_tripdata_2026-08.parquet,1007530,1007530,True,True,40687,22
